filename,category,type,age,gender,Paid
graphic-3dcartoon-1.png,Graphic,3D Cartoon,Adult,Male,
graphic-3dcartoon-2.png,Graphic,3D Cartoon,Adult,Female,
graphic-3dcartoon-3.png,Graphic,3D Cartoon,Teens,Female,
graphic-3dcartoon-4.png,Graphic,3D Cartoon,Children,Male,
graphic-3dcartoon-5.png,Graphic,3D Cartoon,Children,Male,
graphic-3dcartoon-6.png,Graphic,3D Cartoon,Children,Female,Y
graphic-3dcartoon-7.png,Graphic,3D Cartoon,Teens,Female,
graphic-3dcartoon-8.png,Graphic,3D Cartoon,Teens,Male,Y
graphic-anime-1.png,Graphic,Anime,Adult,Female,
graphic-anime-2.png,Graphic,Anime,Adult,Male,
graphic-anime-3.png,Graphic,Anime,Adult,Female,
graphic-anime-4.png,Graphic,Anime,Adult,Male,
graphic-anime-5.png,Graphic,Anime,Adult,Male,
graphic-anime-6.png,Graphic,Anime,Adult,Male,
graphic-anime-7.png,Graphic,Anime,Adult,Male,Y
graphic-anime-8.png,Graphic,Anime,Adult,Female,
graphic-artwork-1.png,Graphic,Artwork,Adult,Male,
graphic-artwork-2.png,Graphic,Artwork,Adult,Female,
graphic-artwork-3.png,Graphic,Artwork,Adult,Male,
graphic-artwork-4.png,Graphic,Artwork,Adult,Female,Y
graphic-artwork-5.png,Graphic,Artwork,Adult,Female,
graphic-artwork-6.png,Graphic,Artwork,Adult,Female,
graphic-artwork-7.png,Graphic,Artwork,Adult,Male,
graphic-artwork-8.png,Graphic,Artwork,Adult,Male,
graphic-flat-1.png,Graphic,Flat,Adult,Female,
graphic-flat-2.png,Graphic,Flat,Adult,Female,
graphic-flat-3.png,Graphic,Flat,Adult,Female,y
graphic-flat-4.png,Graphic,Flat,Adult,Female,
graphic-flat-5.png,Graphic,Flat,Adult,Male,
graphic-flat-6.png,Graphic,Flat,Adult,Male,
graphic-flat-7.png,Graphic,Flat,Adult,Male,
graphic-flat-8.png,Graphic,Flat,Adult,Male,
graphic-line-1.png,Graphic,Line,Children,Male,
graphic-line-2.png,Graphic,Line,Children,Female,
graphic-line-3.png,Graphic,Line,Children,Male,
graphic-line-4.png,Graphic,Line,Children,Male,
graphic-line-5.png,Graphic,Line,Children,Female,
graphic-line-6.png,Graphic,Line,Children,Male,
graphic-line-7.png,Graphic,Line,Children,Male,
graphic-line-8.png,Graphic,Line,Children,Female,
graphic-pixel-art-1.png,Graphic,Pixel art,Teens,Male,
graphic-pixel-art-2.png,Graphic,Pixel art,Teens,Male,
graphic-pixel-art-3.png,Graphic,Pixel art,Teens,Female,
graphic-pixel-art-4.png,Graphic,Pixel art,Teens,Female,
graphic-pixel-art-5.png,Graphic,Pixel art,Teens,Male,
graphic-pixel-art-6.png,Graphic,Pixel art,Teens,Female,
graphic-pixel-art-7.png,Graphic,Pixel art,Teens,Female,
graphic-pixel-art-8.png,Graphic,Pixel art,Teens,Female,
graphic-pixel-art-9.png,Graphic,Pixel art,Teens,Female,
graphic-pixel-art-10.png,Graphic,Pixel art,Teens,Female,
graphic-pixel-art-11.png,Graphic,Pixel art,Teens,Female,
graphic-pixel-art-12.png,Graphic,Pixel art,Teens,Male,
realistic-adult-20s-1.png,Realistic,Korean Portraits,Teens,Female,
realistic-adult-20s-2.png,Realistic,Korean Portraits,Teens,Female,
realistic-adult-20s-3.png,Realistic,Korean Portraits,Teens,Female,
realistic-adult-20s-4.png,Realistic,Korean Portraits,Teens,Female,
realistic-adult-20s-5.png,Realistic,Korean Portraits,Teens,Female,
realistic-adult-20s-6.png,Realistic,Korean Portraits,Teens,Female,
realistic-adult-20s-7.png,Realistic,Korean Portraits,Teens,Male,
realistic-adult-20s-8.png,Realistic,Korean Portraits,Teens,Male,
realistic-adult-20s-9.png,Realistic,Korean Portraits,Teens,Male,
realistic-adult-20s-10.png,Realistic,Korean Portraits,Teens,Male,
realistic-adult-20s-11.png,Realistic,Korean Portraits,Teens,Male,
realistic-adult-20s-12.png,Realistic,Korean Portraits,Teens,Male,
realistic-adult-30s-1.png,Realistic,Korean Portraits,Adult,Female,
realistic-adult-30s-2.png,Realistic,Korean Portraits,Adult,Female,
realistic-adult-30s-3.png,Realistic,Korean Portraits,Adult,Male,
realistic-adult-30s-4.png,Realistic,Korean Portraits,Adult,Female,
realistic-adult-30s-5.png,Realistic,Korean Portraits,Adult,Female,
realistic-adult-30s-6.png,Realistic,Korean Portraits,Adult,Female,
realistic-adult-30s-7.png,Realistic,Korean Portraits,Adult,Female,
realistic-adult-30s-8.png,Realistic,Korean Portraits,Adult,Male,
realistic-adult-30s-9.png,Realistic,Korean Portraits,Adult,Male,
realistic-adult-30s-10.png,Realistic,Korean Portraits,Adult,Male,
realistic-adult-30s-11.png,Realistic,Korean Portraits,Adult,Male,
realistic-adult-30s-12.png,Realistic,Korean Portraits,Adult,Male,
realistic-children-1.png,Realistic,Korean Portraits,Children,Female,
realistic-children-2.png,Realistic,Korean Portraits,Children,Female,
realistic-children-3.png,Realistic,Korean Portraits,Children,Male,
realistic-children-4.png,Realistic,Korean Portraits,Children,Female,
realistic-children-5.png,Realistic,Korean Portraits,Children,Female,
realistic-children-6.png,Realistic,Korean Portraits,Children,Female,
realistic-children-7.png,Realistic,Korean Portraits,Children,Female,
realistic-children-8.png,Realistic,Korean Portraits,Children,Male,
realistic-children-9.png,Realistic,Korean Portraits,Children,Female,
realistic-children-10.png,Realistic,Korean Portraits,Children,Male,
realistic-children-11.png,Realistic,Korean Portraits,Children,Male,
realistic-children-12.png,Realistic,Korean Portraits,Children,Male,
realistic-senior-50s-1.png,Realistic,Korean Portraits,Senior,Female,
realistic-senior-50s-2.png,Realistic,Korean Portraits,Senior,Female,
realistic-senior-50s-3.png,Realistic,Korean Portraits,Senior,Male,
realistic-senior-50s-4.png,Realistic,Korean Portraits,Senior,Female,
realistic-senior-50s-5.png,Realistic,Korean Portraits,Senior,Male,
realistic-senior-50s-6.png,Realistic,Korean Portraits,Senior,Male,
realistic-senior-50s-7.png,Realistic,Korean Portraits,Senior,Male,
realistic-senior-50s-8.png,Realistic,Korean Portraits,Senior,Male,
realistic-senior-50s-9.png,Realistic,Korean Portraits,Senior,Female,
realistic-senior-50s-10.png,Realistic,Korean Portraits,Senior,Male,
realistic-senior-50s-11.png,Realistic,Korean Portraits,Senior,Female,
realistic-senior-50s-12.png,Realistic,Korean Portraits,Senior,Male,
realistic-senior-70s-1.png,Realistic,Korean Portraits,Senior,Male,
realistic-senior-70s-2.png,Realistic,Korean Portraits,Senior,Male,
realistic-senior-70s-3.png,Realistic,Korean Portraits,Senior,Female,
realistic-senior-70s-4.png,Realistic,Korean Portraits,Senior,Female,
realistic-senior-70s-5.png,Realistic,Korean Portraits,Senior,Female,
realistic-senior-70s-6.png,Realistic,Korean Portraits,Senior,Female,
realistic-senior-70s-7.png,Realistic,Korean Portraits,Senior,Male,
realistic-senior-70s-8.png,Realistic,Korean Portraits,Senior,Male,
realistic-senior-70s-9.png,Realistic,Korean Portraits,Senior,Female,
realistic-senior-70s-10.png,Realistic,Korean Portraits,Senior,Female,
realistic-senior-70s-11.png,Realistic,Korean Portraits,Senior,Female,
realistic-senior-70s-12.png,Realistic,Korean Portraits,Senior,Female,
realistic-american-adult-1.png,Realistic,American Portraits,Adult,Female,
realistic-american-adult-2.png,Realistic,American Portraits,Adult,Female,
realistic-american-adult-3.png,Realistic,American Portraits,Adult,Female,
realistic-american-adult-4.png,Realistic,American Portraits,Adult,Female,
realistic-american-adult-5.png,Realistic,American Portraits,Adult,Female,
realistic-american-adult-6.png,Realistic,American Portraits,Adult,Female,
realistic-american-adult-7.png,Realistic,American Portraits,Adult,Female,
realistic-american-adult-8.png,Realistic,American Portraits,Adult,Female,
realistic-american-adult-9.png,Realistic,American Portraits,Adult,Female,
realistic-american-adult-10.png,Realistic,American Portraits,Adult,Female,
realistic-american-adult-11.png,Realistic,American Portraits,Adult,Female,
realistic-american-adult-12.png,Realistic,American Portraits,Adult,Female,
realistic-american-adult-13.png,Realistic,American Portraits,Adult,Male,
realistic-american-adult-14.png,Realistic,American Portraits,Adult,Male,
realistic-american-adult-15.png,Realistic,American Portraits,Adult,Male,
realistic-american-adult-16.png,Realistic,American Portraits,Adult,Male,
realistic-american-adult-17.png,Realistic,American Portraits,Adult,Male,
realistic-american-adult-18.png,Realistic,American Portraits,Adult,Male,
realistic-american-adult-19.png,Realistic,American Portraits,Adult,Male,
realistic-american-adult-20.png,Realistic,American Portraits,Adult,Male,
realistic-american-adult-21.png,Realistic,American Portraits,Adult,Male,
realistic-american-adult-22.png,Realistic,American Portraits,Adult,Male,
realistic-american-adult-23.png,Realistic,American Portraits,Adult,Male,
realistic-american-adult-24.png,Realistic,American Portraits,Adult,Male,
realistic-american-children-1.png,Realistic,American Portraits,Children,Female,
realistic-american-children-2.png,Realistic,American Portraits,Children,Female,
realistic-american-children-3.png,Realistic,American Portraits,Children,Female,
realistic-american-children-4.png,Realistic,American Portraits,Children,Female,
realistic-american-children-5.png,Realistic,American Portraits,Children,Female,
realistic-american-children-6.png,Realistic,American Portraits,Children,Male,
realistic-american-children-7.png,Realistic,American Portraits,Children,Female,
realistic-american-children-8.png,Realistic,American Portraits,Children,Female,
realistic-american-children-9.png,Realistic,American Portraits,Children,Male,
realistic-american-children-10.png,Realistic,American Portraits,Children,Male,
realistic-american-children-11.png,Realistic,American Portraits,Children,Male,
realistic-american-children-12.png,Realistic,American Portraits,Children,Male,
realistic-american-children-13.png,Realistic,American Portraits,Children,Male,
realistic-american-children-14.png,Realistic,American Portraits,Children,Male,
realistic-american-children-15.png,Realistic,American Portraits,Children,Male,
realistic-american-children-16.png,Realistic,American Portraits,Children,Male,
realistic-american-children-17.png,Realistic,American Portraits,Children,Male,
realistic-american-children-18.png,Realistic,American Portraits,Children,Male,